A3,A3s
abalone,abalones
abasia,abasias
ABCP,ABCPs
abetalipoproteinaemia,abetalipoproteinaemias
abetalipoproteinemia,abetalipoproteinemias
abhorring,abhorrings
ableness,ablenesses
abortiveness,abortivenesses
abscess root,abscess roots
abscissin,abscissins
absence,absences
absoluteness,absolutenesses
absurdism,absurdisms
abuse of notation,abuses of notation
acacin,acacins
academization,academizations
acantholysis,acantholyses
access control,access controls
accountability,accountabilities
acetification,acetifications
acquaintanceship,acquaintanceships
acquisitiveness,acquisitivenesses
actionability,actionabilities
addictionology,addictionologies
addictivity,addictivities
addressing,addressings
adhæsion,adhæsions
adhesion,adhesions
adianoeta,adianoetas
administration,administrations
adobe,adobes
adrenoleukodystrophy,adrenoleukodystrophies
adsignification,adsignifications
adulthood,adulthoods
adversity,adversities
advice,advices
advisability,advisabilities
æquability,æquabilities
aeriality,aerialities
aerology,aerologies
æstheticism,æstheticisms
affect perseverance,affect perseverances
affirmative action,affirmative actions
affrayment,affrayments
a-fib,a-fibs
aftergrass,aftergrasses
agarita,agaritas
agateware,agatewares
ageism,ageisms
aggressiveness,aggressivenesses
aggressivity,aggressivities
agraphobia,agraphobias
agreeability,agreeabilities
agrofuel,agrofuels
agrostis,agrostises
agyria,agyrias
ailurophobia,ailurophobias
alabandite,alabandites
alabaster,alabasters
alabastre,alabastres
al,als
alchemistry,alchemistries
alcoholism,alcoholisms
alcopop,alcopops
algerine,algerines
alienage,alienages
alienation,alienations
allantoicase,allantoicases
alliin,alliins
alliinase,alliinases
allowability,allowabilities
almonership,almonerships
alternate history,alternate histories
alternative press,alternative presses
aluminium foil,aluminium foils
alveolarization,alveolarizations
alwite,alwites
amateurship,amateurships
amber fluid,amber fluids
amber nectar,amber nectars
ambition,ambitions
amelogenin,amelogenins
amenorrhea,amenorrheae,amenorrheas
amenorrhoea,amenorrhoeae,amenorrhoeas
amenorrhœa,amenorrhœæ,amenorrhœas
American ginseng,American ginsengs
American holly,American hollies
ammochryse,ammochryses
ammonium,ammoniums
amnioreduction,amnioreductions
amphibologia,amphibologias
amyotonia,amyotonias
anabolism,anabolisms
analysability,analysabilities
analyzability,analyzabilities
anarchism,anarchisms
ancestorship,ancestorships
ande,andes
angelhood,angelhoods
angioedema,angioedemas
angular acceleration,angular accelerations
angulosity,angulosities
anhedonia,anhedonias
anilite,anilites
animus,animuses
anophthalmia,anophthalmias
anoxaemia,anoxaemias
anoxemia,anoxemias
anoxhæmia,anoxhæmias
antagonization,antagonizations
anthography,anthographies
anthotaxy,anthotaxies
anthropogeny,anthropogenies
anthropomorphitism,anthropomorphitisms
anthropophagy,anthropophagies
antiacid,antiacids
anticapitalism,anticapitalisms
anticommunism,anticommunisms
antifascism,antifascisms
antifashion,antifashions
antihumanism,antihumanisms
antihydrogen,antihydrogens
antiliberalism,antiliberalisms
antimatter,antimatters
antimetropia,antimetropias
antimusic,antimusics
antinationalism,antinationalisms
antinoise,antinoises
antiperistalsis,antiperistalses
antiperistasis,antiperistases
antipyrine,antipyrines
antiquation,antiquations
antiracism,antiracisms
antisepsis,antisepses
antistyle,antistyles
antisyzygy,antisyzygies
antitheticality,antitheticalities
antonomasy,antonomasies
añu,añus
anyu,anyus
apartness,apartnesses
apathy,apathies
apnoea,apnoeas,apnoeae
apoaequorin,apoaequorins
apodictism,apodictisms
Apollo's belt,Apollo's belts
apologization,apologizations
apostolicity,apostolicities
appleade,appleades
applicancy,applicancies
apraxia,apraxias
arachnophobia,arachnophobias
arbitrariness,arbitrarinesses
arbitrarity,arbitrarities
arenation,arenations
argal,argals
argumentation,argumentations
argyria,argyrias
argyrism,argyrisms
arrogance,arrogances
arrogaunce,arrogaunces
articulacy,articulacies
art therapy,art therapies
asarabacca,asarabaccas
ascription,ascriptions
aspartame,aspartames
asphodel,asphodels
aspirement,aspirements
assibilation,assibilations
asthma,asthmas,asthmata
astipulation,astipulations
astrography,astrographies
astrology,astrologies
astrometry,astrometries
âta,âtas
ataraxia,ataraxias
Atlantic cod,Atlantic cod,Atlantic cods
Atlantic salmon,Atlantic salmon,Atlantic salmons
atomology,atomologies
atonalism,atonalisms
atonia,atonias
attemperament,attemperaments
attention,attentions
atterration,atterrations
attraction,attractions
audio,audios
augelite,augelites
aureation,aureations
austenitization,austenitizations
authenticism,authenticisms
authenticity,authenticities
autism,autisms
autoconfirmation,autoconfirmations
autoconvolution,autoconvolutions
autofecundation,autofecundations
autofluorescence,autofluorescences
autohypnosis,autohypnoses
automapping,automappings
autooxidation,autooxidations
autoredirection,autoredirections
autotoxicity,autotoxicities
autoxidation,autoxidations
aviation,aviations
avifauna,avifaunas,avifaunae
avoidance,avoidances
avoidaunce,avoidaunces
avowance,avowances
avowtry,avowtries
awareness,awarenesses
awlwort,awlworts
axillary hair,axillary hairs
ayu,ayus
B4,B4s
baccarat,baccarats
backglass,backglasses
back labor,back labors
back labour,back labours
backloading,backloadings
backness,backnesses
backshore,backshores
backtab,backtabs
backward induction,backward inductions
bacon,bacons
bacterization,bacterizations
bad seed,bad seeds
baggage,baggages
bakeware,bakewares
baking,bakings
baksheesh,baksheeshes
balance of power,balances of power
balance of trade,balances of trade
balantidiasis,balantidiases
ballast,ballasts
balneotherapy,balneotherapies
Baltic herring,Baltic herrings
bank paper,bank papers
bannock,bannocks
baotite,baotites
barbed wire,barbed wires
barber itch,barber itches
barber's itch,barber's itches
baricity,baricities
barley,barleys
barleymeal,barleymeals
barrenwort,barrenworts
basil,basils
basilicon,basilicons
basket work,basket works
basket-work,basket-works
basketwork,basketworks
bath water,bath waters
bathwater,bathwaters
batter's box,batters' boxes,batter's boxes
beaconage,beaconages
beadboard,beadboards
beamtime,beamtimes
beard moss,beard mosses
béarnaise sauce,béarnaise sauces
bear's garlic,bear's garlics
bechamel,bechamels
béchamel,béchamels
bed load,bed loads
bed-wetting,bed-wettings
bedwetting,bedwettings
beech mast,beech masts
beeswax,beeswaxes
beeswing,beeswings
befriendment,befriendments
beggarhood,beggarhoods
beggarweed,beggarweeds
behavior,behaviors
bellringing,bellringings
bellwort,bellworts
bendability,bendabilities
benightment,benightments
bent grass,bent grasses
benumbment,benumbments
benzene,benzenes
benzine,benzines
beratement,beratements
bergamot,bergamots
Bernoulli effect,Bernoulli effects
beseeming,beseemings
besmirchment,besmirchments
betacism,betacisms
betel,betels
bhelpuri,bhelpuris
bibacity,bibacities
biblicism,biblicisms
bield,bields
bigger fish to fry,bigger fish to fry
big time,big times
bijoutry,bijoutries
bile,biles
bilirubinuria,?
biocompatibility,biocompatibilities
biofouling,biofoulings
biomass,biomasses
biosorption,biosorptions
biotechnology,biotechnologies
biotinidase,biotinidases
bird flu,bird flus
birdhood,birdhoods
birdseed,birdseeds
birthhood,birthhoods
bitchcraft,bitchcrafts
bitness,bitnesses
bitterbrush,bitterbrushes
bitter panicgrass,bitter panicgrasses
bituminization,bituminizations
bizarreness,bizarrenesses
black drink,black drinks
blackness,blacknesses
black salsify,black salsifies
blackwater,blackwaters
blackwood,blackwoods
bladderwort,bladderworts
bladderwrack,bladderwracks
blame game,blame games
blandation,blandations
blemishment,blemishments
blindness,blindnesses
bloodroot,bloodroots
bloodwort,bloodworts
blue code of silence,blue codes of silence
bluefin tuna,bluefin tunas
blueness,bluenesses
bluestem,bluestems
bluestem grass,bluestem grasses
body language,body languages
bodywork,bodyworks
bogwood,bogwoods
boldness,boldnesses
bond paper,bond papers
boneblack,boneblacks
bone density,bone densities
bone marrow,bone marrows
bonemarrow,bonemarrows
boorishness,boorishnesses
borage,borages
boredom,boredoms
boron,borons
Boswellism,Boswellisms
bottled water,bottled waters
botulism,botulisms
boulangerite,boulangerites
boule,boules
boulle,boulles
bowdlerization,bowdlerizations
boxboard,boxboards
bracken,brackens
bradypnœa,bradypnœas
braggardism,braggardisms
brain freeze,brain freezes
brain surgery,brain surgeries
brand parity,brand parities
brass,brasses
bravery,braveries
bread and butter pudding,bread and butter puddings
bread pudding,bread puddings
breccia,breccias
bridalty,bridalties
bridehood,bridehoods
brigandism,brigandisms
brightness,brightnesses
brilliance,brilliances
brindle,brindles
Britishness,Britishnesses
broadband,broadbands
bronchorrhœa,bronchorrhœæ
Brown Betty,Brown Betties
brownness,brownnesses
browsewrap,browsewraps
brugnatellite,brugnatellites
bruisewort,bruiseworts
brutism,brutisms
bruxism,bruxisms
buckram,buckrams
buckwheat,buckwheats
buckwheat coal,buckwheat coals
buergerite,buergerites
buffoonism,buffoonisms
bugloss,buglosses
buhl,buhls
bunkside,bunksides
Burmese rosewood,Burmese rosewoods
burnability,burnabilities
burnet,burnets
burstwort,burstworts
bush clover,bush clovers
bushelage,bushelages
bushmeat,bushmeats
butter,butters
butterscotch,butterscotches
butylhydroquinone,butylhydroquinones
byssus,byssuses
bytownite,bytownites
cafetite,cafetites
calamus,calamuses,calami
calculation,calculations
calderite,calderites
camptocormia,camptocormias
canalisation,canalisations
canalization,canalizations
canceration,cancerations
candidaemia,candidaemias
candidemia,candidemias
candlepower,candlepowers
candy corn,candy corns
caneware,canewares
canfieldite,canfieldites
cannibalisation,cannibalisations
cantal,cantals
Cantal,Cantals
cantation,cantations
cant,cants
capital stock,capital stocks
carbinol,carbinols
carbonatation,carbonatations
carbonmonoxyhaemoglobin,carbonmonoxyhaemoglobins
carbonmonoxyhemoglobin,carbonmonoxyhemoglobins
carboxyhaemoglobin,carboxyhaemoglobins
carboxyhemoglobin,carboxyhemoglobins
carbunculation,carbunculations
carcinization,carcinizations
cardanol,cardanols
carditis,carditides
card stock,card stocks
cardstock,cardstocks
carnage,carnages
carnalism,carnalisms
carpeting,carpetings
carrion,carrions
cartography,cartographies
case sensitivity,case sensitivities
cash,cashes
cash leakage,cash leakages
cassareep,cassareeps
cassis,?
castling,castlings
catabolism,catabolisms
catalysation,catalysations
catalyzation,catalyzations
catastrophization,catastrophizations
catchweed,catchweeds
catholicism,catholicisms
Catholicism,Catholicisms
cat milk,cat milks
cattelo,cattelo,catteloes
caulking,caulkings
caveach,caveaches
CBT,CBTs
celadon,celadons
centrifugence,centrifugences
centrin,centrins
cephalotomy,cephalotomies
ceramicware,ceramicwares
cereal,cereals
cerebralism,cerebralisms
cerebritis,cerebritides
cerography,cerographies
cevanine,cevanines
cevapi,cevapis,cevapi
cGMP,cGMPs
chai,chais
chairwomanship,chairwomanships
champansky,champanskies
chanting,chantings
chaos,chaoses
charcoal,charcoals
charisma,charismas
charitableness,charitablenesses
Charlie,Charlies
chaunk,chaunks
cheese,cheeses
cheilitis,cheilitides
chemosynthesis,chemosyntheses
chenier,cheniers,chenieres
chess,chesses
chickenpox,chickenpoxes
chickweed,chickweeds
childbirth,childbirths
Chinese anise,Chinese anises
Chinese cabbage,Chinese cabbages
chinoline,chinolines
chinook salmon,chinook salmon,chinook salmons
chironomy,chironomies
chivalry,chivalries
chlorophyll,chlorophylls
choler,cholers
choller,chollers
chow,chows
Christianity,Christianities
chromonychia,chromonychias
chrysoprase,chrysoprases
chutney,chutneys
cicutoxin,cicutoxins
cinchocaine,cinchocaines
cinnabar,cinnabars
circumclusion,circumclusions
circumdenudation,circumdenudations
circumincession,circumincessions
citification,citifications
citriculture,citricultures
citronella,citronellas
civics,civics
civilianization,civilianizations
clairvoyance,clairvoyances
claritude,claritudes
clarity,clarities
class struggle,class struggles
clausthalite,clausthalites
clay,clays
clemency,clemencies
cliency,cliencies
clientelage,clientelages
clientele,clienteles
climbing,climbings
cliquism,cliquisms
clonidine,clonidines
coalitionism,coalitionisms
coca,cocas
cocamine,cocamines
Cockney rhyming slang,Cockney rhyming slangs
cocoa butter,cocoa butters
cod,cod,cods
coessentiality,coessentialities
cognitive parallax,cognitive parallaxes
cognization,cognizations
cogware,cogwares
cohesion,cohesions
cole,coles
cole slaw,cole slaws
coleslaw,coleslaws
colewort,coleworts
colloidality,colloidalities
cologne,colognes
colophonite,colophonites
color-blindness,color-blindnesses
colorism,colorisms
colourism,colourisms
comfortment,comfortments
common bistort,common bistorts
common hepatica,common hepaticas
common lavender,common lavenders
common touch,common touches
common yellow oxalis,common yellow oxalises
common yellow woodsorrel,common yellow woodsorrels
commutative justice,commutative justices
compaternity,compaternities
complexification,complexifications
comportance,comportances
compound interest,compound interests
computer literacy,computer literacies
concavation,concavations
concentration,concentrations
concentrism,concentrisms
concettism,concettisms
concremation,concremations
concubinacy,concubinacies
condescension,condescensions
conessine,conessines
confectionery,confectioneries
confirmation bias,confirmation biases
confusion,confusions
congee,congees
connumeration,connumerations
consensuality,consensualities
contemporality,contemporalities
content filtering,content filterings
contentment,contentments
continuaunce,continuaunces
contraband,contrabands
controversiality,controversialities
conventionalism,conventionalisms
cookware,cookwares
coolness,coolnesses
co-ordination,co-ordinations
coordination,coordinations
coördination,coördinations
COPD,COPDs
copyleft,copylefts
copyright,copyrights
coralwort,coralworts
core inflation,core inflations
coriander,corianders
corn,corns
cornflour,cornflours
cornstarch,cornstarches
corporatocracy,corporatocracies
correctio,?
correctitude,correctitudes
correctness,correctnesses
corrivalry,corrivalries
corrosibility,corrosibilities
corticine,corticines
corydaline,corydalines
cosmogenesis,cosmogeneses
costmary,costmaries
cotton,cottons
cottongrass,cottongrasses
cotton wool,cotton wools
cough syrup,cough syrups
coulis,coulis,coulises
counterintuitivity,counterintuitivities
course work,course works
couth,couths
cover stock,cover stocks
coverstock,coverstocks
cowardliness,cowardlinesses
cowbane,cowbanes
cowhage,cowhages
cowwheat,cowwheats
coxcombry,coxcombries
coyness,coynesses
craftsmanship,craftsmanships
cranioclasm,cranioclasms
crap,craps
craziness,crazinesses
crazing,crazings
cream soda,cream sodas
creationism,creationisms
creatorship,creatorships
creditability,creditabilities
creekwater,creekwaters
crème de cacao,crèmes de cacao
crinosity,crinosities
crocein,croceins
crocoite,crocoites
crosslight,crosslights
cross-validation,cross-validations
cruciation,cruciations
cryptography,cryptographies
cryptoxanthin,cryptoxanthins
cubage,cubages
cumbia,cumbias
cumin,cumins
cuprous oxide,cuprous oxides
curiousness,curiousnesses
curry ketchup,curry ketchups
cutty grass,cutty grasses
cyan,cyans
cyanocobalamin,cyanocobalamins
cyberfreedom,cyberfreedoms
cyberpolitics,cyberpolitics
cyberreality,cyberrealities
cynghanedd,cynganeddion
cynism,cynisms
cytocompatibility,cytocompatibilities
cytogeny,cytogenies
dæmonism,dæmonisms
dæmonomancy,dæmonomancies
dæmonomania,dæmonomaniæ
dagswain,dagswains
danalite,danalites
daredeviltry,daredeviltries
daring,darings
dark,darks
darnel,darnels
dastardy,dastardies
daytime,daytimes
DDT,DDTs
dead horse,dead horses
dead sleep,dead sleeps
deaspiration,deaspirations
death by PowerPoint,deaths by PowerPoint
debacchation,debacchations
debeige,debeiges
debuccalization,debuccalizations
decarbonization,decarbonizations
deceptivity,deceptivities
decimalisation,decimalisations
decimalization,decimalizations
declarement,declarements
decompactification,decompactifications
decompression,decompressions
decreation,decreations
decreolization,decreolizations
decrustation,decrustations
decryption,decryptions
deech,deeches
deergrass,deergrasses
deer meat,deer meats
deermeat,deermeats
deflationism,deflationisms
degeneration,degenerations
dehortatio,dehortatios
dehortation,dehortations
dehypnotization,dehypnotizations
deification,deifications
deindividualization,deindividualizations
deinstitutionalization,deinstitutionalizations
dejecture,dejectures
delabialization,delabializations
delitescence,delitescences
delphinidin,delphinidins
deltafication,deltafications
demean,demeans
dementia,dementias
demersion,demersions
democratisation,democratisations
democratization,democratizations
demography,demographies
demonship,demonships
denasalization,denasalizations
denialism,denialisms
deni,denis
denizenation,denizenations
denizenship,denizenships
denseness,densenesses
dentistry,dentistries
deobfuscation,deobfuscations
deoptimization,deoptimizations
depairing,depairings
dependableness,dependablenesses
dephlogistication,dephlogistications
deplantation,deplantations
depoliticalization,depoliticalizations
depoliticization,depoliticizations
depressurisation,depressurisations
depressurization,depressurizations
depublication,depublications
depurition,depuritions
dequantization,dequantizations
derdeba,derdebas
dermatographia,dermatographias
dermatographism,dermatographisms
dermatomyositis,dermatomyositides
dermatopontin,dermatopontins
dermographia,dermographias
dermographism,dermographisms
desegmentation,desegmentations
design load,design loads
desire,desires
desorption,desorptions
detersion,detersions
detonization,detonizations
detritus,detritus,detrita
devexity,devexities
devirgination,devirginations
devotionality,devotionalities
devotion,devotions
dextrocycloversion,dextrocycloversions
dezincification,dezincifications
diabetogenicity,diabetogenicities
dialysability,dialysabilities
dialyzation,dialyzations
diaphaneity,diaphaneities
diastole,diastoles
dibucaine,dibucaines
dichlorofluoromethane,dichlorofluoromethanes
diffidency,diffidencies
difflation,difflations
diffusability,diffusabilities
diffuseness,diffusenesses
digenite,digenites
diglottism,diglottisms
dihydroergotamine,dihydroergotamines
dihydromorphine,dihydromorphines
dilatation,dilatations
directness,directnesses
dirt,dirts
disability,disabilities
disagreeableness,disagreeablenesses
disavowment,disavowments
discolorisation,discolorisations
discolorization,discolorizations
discolorment,discolorments
discontinuity,discontinuities
discourtesy,discourtesies
discoverment,discoverments
discretion,discretions
disembarrassment,disembarrassments
disenthrallment,disenthrallments
disenthralment,disenthralments
disforestation,disforestations
dishwater,dishwaters
disillusion,disillusions
disinformation,disinformations
disinthrallment,disinthrallments
dismalness,dismalnesses
disorientation,disorientations
displeasure,displeasures
disquietude,disquietudes
disrespect,disrespects
dissemblance,dissemblances
dissipativity,dissipativities
dissociability,dissociabilities
dissyllabification,dissyllabifications
ditch,ditches
divertissement,divertissements
divestment,divestments
divine intervention,divine interventions
djurleite,djurleites
doctrinarianism,doctrinarianisms
dog fur,dog furs
dogfur,dogfurs
dollface,dollfaces
dolorousness,dolorousnesses
domesticability,domesticabilities
donburi,donburis
donkey vote,donkey votes
doody,doodies
doomsaying,doomsayings
dosa,dosas
double cream,double creams
dough,doughs
dought,doughts
Douglas fir,Douglas firs
Douglas-fir,Douglas-firs
douth,douths
dragon's wort,dragon's worts
drama,dramas,dramata
driftwood,driftwoods
drinking water,drinking waters
dro,dros
dropsy,dropsies
drunkenness,drunkennesses
dubitancy,dubitancies
dubitation,dubitations
duck soup,duck soups
dufrenite,dufrenites
dullness,dullnesses
dulness,dulnesses
dumbcane,dumbcanes
duncehood,duncehoods
dunnage,dunnages
durt,durts
durum,durums
dwell time,dwell times
dysbetalipoproteinaemia,dysbetalipoproteinaemias
dysbetalipoproteinemia,dysbetalipoproteinemias
dysmenorrhœa,dysmenorrhœas
dysmyelination,dysmyelinations
dysodile,dysodiles
dyssynergia,dyssynergias
dysthymia,dysthymias
dysury,dysuries
earlywood,earlywoods
ebony,ebonies
eburnification,eburnifications
eclampsia,eclampsias
ecomusicology,ecomusicologies
economic nationalism,economic nationalisms
ecophysiology,ecophysiologies
ecosocialism,ecosocialisms
ecphonesis,ecphoneses
ecphory,ecphories
ecumenicity,ecumenicities
edelweiss,edelweisses
efflation,efflations
egg drop soup,egg drop soups
egg salad,egg salads
eggsalad,eggsalads
egomania,egomanias
egotism,egotisms
egrimony,egrimonies
egritude,egritudes
ekanite,ekanites
elaeoptene,elaeoptenes
elaoptene,elaoptenes
eld,elds
eldship,eldships
electric,electrics
electricity,electricities
electrofluorination,electrofluorinations
electronic media,electronic medias
electroshock therapy,electroshock therapies
electrosurgery,electrosurgeries
elegance,elegances
e-literacy,e-literacies
ellestadite,ellestadites
eloignment,eloignments
emancipation,emancipations
embowelment,embowelments
embryogenesis,embryogeneses
embryotroph,embryotrophs
emication,emications
employability,employabilities
enaction,enactions
enamelware,enamelwares
enamorment,enamorments
enamourment,enamourments
enargite,enargites
encroachment,encroachments
encryption,encryptions
endamagement,endamagements
endearedness,endearednesses
endeavorment,endeavorments
endeavourment,endeavourments
endebtedness,endebtednesses
enemyhood,enemyhoods
enforcement,enforcements
enformation,enformations
English chamomile,English chamomiles
English,Englishes
engraftation,engraftations
engravery,engraveries
enlightenment,enlightenments
enserfment,enserfments
enswathement,enswathements
envolvement,envolvements
epididymitis,epididymitides
episodicity,episodicities
epispadias,epispadiases
eponymy,eponymies
equability,equabilities
equidistance,equidistances
equilibrity,equilibrities
equisonance,equisonances
ergative case,ergative cases
eros,erotes
erotomania,erotomanias
escarole,escaroles
eschynite,eschynites
esophagitis,esophagitides
Essenism,Essenisms
este,estes
est,ests
estover,estovers
etacism,etacisms
eternization,eternizations
ethane,ethanes
ethanol,ethanols
ethicalism,ethicalisms
ethnomusicology,ethnomusicologies
ethoxyethane,ethoxyethanes
e-trade,e-trades
etymologization,etymologizations
eudæmonia,eudæmonias
euergetism,euergetisms
European rowan,European rowans
euthanasia,euthanasias
everydayness,everydaynesses
evidence,evidences
evolutionism,evolutionisms
exacerbation,exacerbations
exaltment,exaltments
excellence,excellences
excoction,excoctions
excortication,excortications
excusement,excusements
exesion,exesions
exhalement,exhalements
exhaustion,exhaustions
exhaustment,exhaustments
exhausture,exhaustures
exoticism,exoticisms
expectoration,expectorations
expenditure,expenditures
experimentalism,experimentalisms
explicitness,explicitnesses
exponential growth,exponential growths
expressivism,expressivisms
expressivity,expressivities
exspoliation,exspoliations
exspuition,exspuitions
extroversion,extroversions
eyepaint,eyepaints
eyeservice,eyeservices
eyewash,eyewashes
eyewater,eyewaters
fabness,fabnesses
facetiousness,facetiousnesses
fahlunite,fahlunites
failure to thrive,failures to thrive
fakeness,fakenesses
falling,fallings
false strawberry,false strawberries
false witness,false witnesses
falsework,falseworks
familism,familisms
fancy dress,fancy dresses
fanship,fanships
farmland,farmlands
farness,farnesses
farnesyltranstransferase,farnesyltranstransferases
farsight,farsights
fascism,fascisms
fastidiosity,fastidiosities
fat,fats
fatuousness,fatuousnesses
faunalturbation,faunalturbations
favorability,favorabilities
faxback,faxbacks
fax,faxes
fecundity,fecundities
felinity,felinities
fellatio,fellatios
feltry,feltries
femality,femalities
femininity,femininities
fencing,fencings
feni,fenis
fennel,fennels
fenugreek,fenugreeks
ferd,ferds
fermionization,fermionizations
ferrotantalite,ferrotantalites
fetidity,fetidities
fibbery,fibberies
fibreglass,fibreglasses
fibrination,fibrinations
fibrodysplasia,fibrodysplasias
fierceness,fiercenesses
figurability,figurabilities
finger millet,finger millets
fingrigo,fingrigos
fiorin,fiorins
firedamp,firedamps
firefighter's carry,firefighter carries
fireman's carry,fireman's carries
firmoss,firmosses
fisherman's pie,fisherman's pies
fish to fry,fish to fry
fissionability,fissionabilities
fissiparity,fissiparities
fitness,fitnesses
flatting,flattings
flavokinase,flavokinases
flaxweed,flaxweeds
flerd,flerds
flixweed,flixweeds
floorspace,floorspaces
florification,florifications
fluocinolone,fluocinolones
fluorescamine,fluorescamines
fluorspar,fluorspars
fluviation,fluviations
fluxility,fluxilities
foetal alcohol syndrome,foetal alcohol syndromes
foetor,foetors
folklife,folklives
foodflation,foodflations
food,foods
foolhardiness,foolhardinesses
foot-dragging,foot-draggings
footwear,footwears
foreign debt,foreign debts
foreknowledge,foreknowledges
forenotice,forenotices
foreseeability,foreseeabilities
forisfamiliation,forisfamiliations
formability,formabilities
forthputting,forthputtings
foul territory,foul territories
fowlerite,fowlerites
foxtail clubmoss,foxtail clubmosses
fragileness,fragilenesses
fragilization,fragilizations
frailness,frailnesses
franchisement,franchisements
frankenfish,frankenfish,frankenfishes
Frankenfish,Frankenfish,Frankenfishes
freakery,freakeries
freehood,freehoods
freeness,freenesses
free sheet,free sheets
freibergite,freibergites
French dressing,French dressings
frett,fretts
Freudianism,Freudianisms
fried bread,fried breads
friendhood,friendhoods
frigefaction,frigefactions
frisée,frisées
froideur,froideurs
frottage,frottages
fruit of one's loins,fruits of one's loins
fry bread,fry breads
frybread,frybreads
fuel oil,fuel oils
fulgidity,fulgidities
fulgor,fulgors
fulgour,fulgours
full employment,full employments
full English,full Englishes
funeration,funerations
fungaemia,fungaemias
fungemia,fungemias
furniture,furnitures
furtherment,furtherments
fussiness,fussinesses
fustian,fustians
fustic,fustics
futility,futilities
gabardine,gabardines
gaincoming,gaincomings
gainstrife,gainstrifes
galaxite,galaxites
galena,galenas
galvanism,galvanisms
galvanocautery,galvanocauteries
galyak,galyaks
gambling,gamblings
ganna,gannas
gaolership,gaolerships
garbage collection,garbage collections
garden cress,garden cresses
garmenture,garmentures
gasolene,gasolenes
gasoline,gasolines
gassing,gassings
gastritis,gastritides
gastronomy,gastronomies
gaucheness,gauchenesses
gayety,gayeties
gayface,gayfaces
gayness,gaynesses
GDP,GDPs
geekery,geekeries
gehlenite,gehlenites
gelati,gelati
gelatination,gelatinations
gelt,gelts
gelt,gelts
gemmification,gemmifications
gendercide,gendercides
genderization,genderizations
general practice,general practices
generification,generifications
genre fiction,genre fictions
gersdorffite,gersdorffites
gesso,gessos
ghostdom,ghostdoms
ghostology,ghostologies
giardiniera,giardinieras
gibberish,gibberishes
gilt,gilts
gingerbeer,gingerbeers
gipsyism,gipsyisms
girly man,girly men
girlyman,girlymen
gismondine,gismondines
gladiatorship,gladiatorships
glamourisation,glamourisations
glamourization,glamourizations
glandulosity,glandulosities
glass wool,glass wools
glaucochroite,glaucochroites
glaziery,glazieries
globularity,globularities
glomerulosclerosis,glomeruloscleroses
gloominess,gloominesses
gloomth,gloomths
glorie,glories
gluconeogenesis,gluconeogeneses
gluhwein,gluhweins
glutaredoxin,glutaredoxins
glycosine,glycosines
gneiss,gneisses
goatmeat,goatmeats
gobbledygook,gobbledygooks
gobblygook,gobblygooks
godship,godships
golden syrup,golden syrups
goodwill,goodwills
goofiness,goofinesses
goop,goops
gospel truth,gospel truths
Gospel truth,Gospel truths
Gouda,Goudas
Gouraud shading,Gouraud shadings
goutwort,goutworts
grammarianism,grammarianisms
grape juice,grape juices
grapeshot,grapeshot,grapeshots
graphology,graphologies
graph paper,graph papers
graticulation,graticulations
gravel,gravels
gravy,gravies
greenfodder,greenfodders
greenness,greennesses
greenware,greenwares
grill,grills
grooming,groomings
gross domestic product,gross domestic products
gross national product,gross national products
grottowork,grottoworks
ground beef,ground beefs
groundwood,groundwoods
gruesomeness,gruesomenesses
guaiacum,guaiacums
guestfriendship,guestfriendships
guggulipid,guggulipids
guided capitalism,guided capitalisms
gulfweed,gulfweeds
gunfire,gunfires
gungude,gungudes
gunnery,gunneries
gunny,gunnies
guttering,gutterings
gutturalism,gutturalisms
gymnite,gymnites
gynaecology,gynaecologies
gynandromorphism,gynandromorphisms
gynecology,gynecologies
gynocriticism,gynocriticisms
gypsycraft,gypsycrafts
hadronization,hadronizations
hæmorrhagia,hæmorrhagiæ
hæmorrhœa,hæmorrhœæ
haemosiderosis,haemosideroses
haemostasis,haemostases
hæmostasis,hæmostases
hæritage,hæritages
hagiocracy,hagiocracies
handiwork,handiworks
handwriting,handwritings
haploidisation,haploidisations
haploidization,haploidizations
hard money,hard moneys
harestail,harestails
harmonizability,harmonizabilities
harzburgite,harzburgites
hashish,hashishes
havoc,havocs
haze,hazes
hazel,hazels
headhair,headhairs
healthe,healthes
health,healths
healthiness,healthinesses
hearsay,hearsays
heartedness,heartednesses
hedonism,hedonisms
hellbroth,hellbroths
help,helps
helplessness,helplessnesses
helthe,helthes
helth,helths
Helvetism,Helvetisms
hematite,hematites
hemophobia,hemophobias
hemosiderosis,hemosideroses
hemostasis,hemostases
hepatoxicity,hepatoxicities
hepcidin,hepcidins
heptanal,heptanals
herapathite,herapathites
herbage,herbages
heritage,heritages
hermaphrodeity,hermaphrodeities
heroship,heroships
herpangina,herpanginas
heterocentrism,heterocentrisms
heterogony,heterogonies
hiddenness,hiddennesses
hiding,hidings
hidness,hidnesses
high definition,high definitions
high fructose corn syrup,high fructose corn syrups
hirsutism,hirsutisms
Hispanicization,Hispanicizations
historicity,historicities
hoarfrost,hoarfrosts
hog apple,hog apples
hokey pokey,hokey pokeys
hollowness,hollownesses
holonymy,holonymies
Holstein-Lewis fracture,Holstein-Lewis fractures
Holy Writ,Holy Writs
homecourt,homecourts
homeful,homefuls
homeware,homewares
hominy,hominies
homophyly,homophylies
homosexuality,homosexualities
honeybush,honeybushes
honey,honeys
Hong Kong foot,Hong Kong feet
honorability,honorabilities
honor,honors
honourability,honourabilities
hooliganism,hooliganisms
hormone therapy,hormone therapies
horometry,horometries
horridness,horridnesses
horse and rabbit stew,horse and rabbit stews
horsebreaking,horsebreakings
hospice,hospices
hostship,hostships
hotness,hotnesses
hot-potato routing,hot-potato routings
hot pot,hot pots
hot sauce,hot sauces
houseware,housewares
humanism,humanisms
humanitarianism,humanitarianisms
humidity,humidities
hummus,hummuses
humoralism,humoralisms
hunter green,hunter greens
hurdlework,hurdleworks
hybridizability,hybridizabilities
hydranencephaly,hydranencephalies
hydration,hydrations
hydrology,hydrologies
hydrostaticity,hydrostaticities
hydrostatic pressure,hydrostatic pressures
hydroxyurea,hydroxyureas
hyperabundance,hyperabundances
hyperammonaemia,hyperammonaemias
hyperammonemia,hyperammonemias
hyperchromatism,hyperchromatisms
hypercortisolism,hypercortisolisms
hypermobility,hypermobilities
hypernatremia,hypernatremias
hyperpigmentation,hyperpigmentations
hyperprolactinaemia,hyperprolactinaemias
hyperprolactinemia,hyperprolactinemias
hyperreflexia,hyperreflexias
hyperspecialization,hyperspecializations
hyperthymia,hyperthymias
hypertime,hypertimes
hyperuricaemia,hyperuricaemias
hyperuricemia,hyperuricemias
hypoaldosteronism,hypoaldosteronisms
hypoarticulation,hypoarticulations
hypochloraemia,hypochloraemias
hypochloremia,hypochloremias
hypochondriacism,hypochondriacisms
hypogenesis,hypogeneses
hypomodification,hypomodifications
hypophosphatasia,hypophosphatasias
hypophysitis,hypophysitides
hypopituitarism,hypopituitarisms
hypothec,hypothecs
hypovolaemia,hypovolaemias
hysteria,hysterias,hysteriæ
ibuprofen,ibuprofens
ichthyography,ichthyographies
ick factor,ick factors
illogicalness,illogicalnesses
imaging,imagings
imagism,imagisms
imbalance,imbalances
imbruement,imbruements
immeasurability,immeasurabilities
immorality,immoralities
immunoperoxidase,immunoperoxidases
immutability,immutabilities
impartance,impartances
impenitency,impenitencies
imperfectivization,imperfectivizations
impermeability,impermeabilities
impermeabilization,impermeabilizations
impermissibility,impermissibilities
impetuosity,impetuosities
impiety,impieties
impoverishment,impoverishments
impromanga,impromangas
imprudence,imprudences
impulsive speech,impulsive speeches
impunctuality,impunctualities
inappetency,inappetencies
inapprehension,inapprehensions
inauthenticity,inauthenticities
incalescence,incalescences
incandescence,incandescences
inclemency,inclemencies
inclusivity,inclusivities
incommodement,incommodements
incompleteness,incompletenesses
incongruousness,incongruousnesses
incorrespondence,incorrespondences
incrementality,incrementalities
incroachment,incroachments
indebtedness,indebtednesses
indecision,indecisions
indecisiveness,indecisivenesses
indeficiency,indeficiencies
Indian strawberry,Indian strawberries
indigestion,indigestions
indirectness,indirectnesses
inelegance,inelegances
inerrancy,inerrancies
inescation,inescations
inexertion,inexertions
infixation,infixations
inflicted insight,inflicted insights
inforcement,inforcements
information,informations
infrequency,infrequencies
ingenuity,ingenuities
inimicality,inimicalities
ink,inks
innerness,innernesses
insolation,insolations
insomnolence,insomnolences
instant coffee,instant coffees
instimulation,instimulations
insulin shock therapy,insulin shock therapies
insultment,insultments
insurance,insurances
interconvertibility,interconvertibilities
interest,interests
intermediation,intermediations
intermobility,intermobilities
internalisation,internalisations
internuncioship,internuncioships
inthrallment,inthrallments
intravaginal ejaculation latency time,intravaginal ejaculation latency times
intropression,intropressions
introversion,introversions
inulin,inulins
invincible,invincibles
involvement,involvements
inwork,inworks
iodine,iodines
ionizability,ionizabilities
irrealism,irrealisms
irrevocability,irrevocabilities
ischæmia,ischæmiæ
isinglass,isinglasses
Islamicism,Islamicisms
Islamicization,Islamicizations
isocratic flow,isocratic flows
isoindene,isoindenes
Italian ice,Italian ices
jackassery,jackasseries
jackwood,jackwoods
Jacobitism,Jacobitisms
jade,jades
jaggedness,jaggednesses
jailbait,jailbaits
jamdanee,jamdanees
jamdani,jamdanis
jasperware,jasperwares
jeopardization,jeopardizations
jewellery,jewelleries
jewelry,jewelries
jidaigeki,jidaigekis
jissom,jissoms
jockeyship,jockeyships
jointweed,jointweeds
journalism,journalisms
juice,juices
jurisprudence,jurisprudences
jussive,jussives
justice,justices
juvenilization,juvenilizations
kale,kales
Kaposi's sarcoma,Kaposi's sarcomas,Kaposi's sarcomata
karaya gum,karaya gums
kenpaullone,kenpaullones
kernicterus,kernicteruses
ketonuria,ketonurias
ketosphinganine,ketosphinganines
khaddar,khaddars
kidhood,kidhoods
kikuyugrass,kikuyugrasses
Kikuyu grass,Kikuyu grasses
kimchi,kimchis
kinæsthesis,kinæstheses
kinesis,kineses
kinesitherapy,kinesitherapies
kingliness,kinglinesses
kinnikinic,kinnikinics
kinnikinnick,kinnikinnicks
kinsmanship,kinsmanships
kirsch,kirsches
kirschwasser,kirschwassers
kismet,kismets
kitchen paper,kitchen papers
kitchenware,kitchenwares
kith,kiths
knittability,knittabilities
knitwear,knitwears
knowledge,knowledges
kokosh cake,kokosh cakes
konjac,konjacs
kookery,kookeries
korephilia,korephilias
kosher salt,kosher salts
koumiss,koumisses
kraft paper,kraft papers
kraft pulp,kraft pulps
kryptopyrrole,kryptopyrroles
kudzu,kudzus
kulich,kulichi,kulichs
kykeon,kykeons
kyriarchy,kyriarchies
labradorite,labradorites
lachrymation,lachrymations
lacrimation,lacrimations
lactoperoxidase,lactoperoxidases
lacwork,lacworks
ladyhood,ladyhoods
lady's bedstraw,lady's bedstraws
lagging,laggings
lakeside,lakesides
lakewater,lakewaters
lampoonery,lampooneries
land-locked salmon,land-locked salmon
landlordism,landlordisms
landscrip,landscrips
langdebeef,langdebeefs
lanoline,lanolines
lanolin,lanolins
lapstrake,lapstrakes
largesse,largesses
largess,largesses
last mile,last miles
lateropulsion,lateropulsions
latewood,latewoods
lathwork,lathworks
laughter,laughters
laughtre,laughtres
laumontite,laumontites
laurate,laurates
laureateship,laureateships
laurinol,laurinols
lavishness,lavishnesses
lazurite,lazurites
learning,learnings
Lebenswelt,Lebenswelten
legendry,legendries
legionry,legionries
legislation,legislations
legitimation,legitimations
legitimism,legitimisms
legitimization,legitimizations
lemon clover,lemon clovers
lemongrass,lemongrasses
leucodelphinidin,leucodelphinidins
leucoxene,leucoxenes
levamisole,levamisoles
leverage,leverages
leverwood,leverwoods
levity,levities
lexigraphy,lexigraphies
liberality,liberalities
liceity,liceities
licentiousness,licentiousnesses
licorice extract,licorice extracts
licorice,licorices
lifeblood,lifebloods
life insurance,life insurances
life,lives
life-lore,life-lores
liflode,liflodes
lift,lifts
lightning,lightnings
lignin,lignins
likeliness,likelinesses
Limburger,Limburgers
limewood,limewoods
limonin,limonins
linalool,linalools
linden,lindens
line art,line art
linespace,linespaces
linguine,linguines
linguini,linguinis
linksland,linkslands
linoxin,linoxins
lipstick,lipsticks
lissamine,lissamines
literalism,literalisms
literalness,literalnesses
literatuer,literatuers
literature,literatures
lithaemia,lithaemias
lithiophilite,lithiophilites
litterfall,litterfalls
live load,live loads
liver cancer,liver cancers
liverwurst,liverwursts
lividity,lividities
loanland,loanlands
lobscouse,lobscouses
lockstep,locksteps
locomotion,locomotions
logophobia,logophobias
lolicon,lolicons
London broil,London broils
longleaf pine,longleaf pines
lopsidedness,lopsidednesses
lotion,lotions
loving,lovings
lower leaf zone,lower leaf zones
loyalism,loyalisms
lucency,lucencies
luctation,luctations
lumpiness,lumpinesses
lustfulness,lustfulnesses
lyme grass,lyme grasses
macho man,macho men
machoman,machomen
macroevolution,macroevolutions
mad cow,mad cows
magic,magics
magnetocapacitance,magnetocapacitances
magnification,magnifications
maidenship,maidenships
make believe,make believes
makeup,makeups
Malabar nightshade,Malabar nightshades
Malabar spinach,Malabar spinaches
malakoplakia,malakoplakias
malmanagement,malmanagements
malnutrition,malnutritions
malt liquor,malt liquors
malt loaf,malt loaves
mamey sapote,mamey sapotes
management,managements
manganotantalite,manganotantalites
manioc,maniocs
manliness,manlinesses
manna ash,manna ashes
mannoheptulose,mannoheptuloses
manœuvrability,manœuvrabilities
manufacturing,manufacturings
manutenency,manutenencies
maraging steel,maraging steels
marchpane,marchpanes
marc,marcs
margarine,margarines
market foreclosure,market foreclosures
marsh grass,marsh grasses
marshiness,marshinesses
marsupialization,marsupializations
martinetism,martinetisms
mascarpone,mascarpones
masculinism,masculinisms
masculinity,masculinities
mass flow,mass flows
mastery,masteries
mastodynia,mastodynias
masturbation,masturbations
mateship,mateships
mavrodaphne,mavrodaphnes
maximalism,maximalisms
maximality,maximalities
mayhem,mayhems
mazut,mazuts
McCarthyism,McCarthyisms
mead,meads
meaninglessness,meaninglessnesses
means of transportation,means of transportations
measurage,measurages
medic,medics
megakaryocytopoiesis,megakaryocytopoieses
megawattage,megawattages
meism,meisms
melanostatin,melanostatins
melatonin,melatonins
melibiase,melibiases
melodramatization,melodramatizations
meltage,meltages
meningococcaemia,meningococcaemias
meningococcemia,meningococcemias
mental hygiene,mental hygienes
mentalization,mentalizations
mephitism,mephitisms
merchandise,merchandises
merchantry,merchantries
merlot,merlots
Merlot,Merlots
merogony,merogonies
merrymaking,merrymakings
meshwork,meshworks
mesmerisation,mesmerisations
mesmerization,mesmerizations
metacinnabarite,metacinnabarites
metacism,metacisms
meta-evolution,meta-evolutions
metaevolution,metaevolutions
metafiction,metafictions
metallifacture,metallifactures
metallurgy,metallurgies
metamerism,metamerisms
metamorphization,metamorphizations
meteorography,meteorographies
meteoropathy,meteoropathies
methanethiosulfonate,methanethiosulfonates
methylamphetamine,methylamphetamines
methylenedioxybenzylpiperazine,methylenedioxybenzylpiperazines
microchimerism,microchimerisms
microcode,microcodes
microgravity,microgravities
micromelia,micromelias
microsuede,microsuedes
middest,middests
middleware,middlewares
midest,midests
milkiness,milkinesses
millinet,millinets
millionaire shortbread,millionaire shortbreads
milliskin,milliskins
Milori blue,Milori blues
mindshare,mindshares
mineral water,mineral waters
miner's elbow,?
minestrone,minestrones
misacceptation,misacceptations
misadventure,misadventures
misadvice,misadvices
misallotment,misallotments
misandry,misandries
misascription,misascriptions
miscoloration,miscolorations
miscomfort,miscomforts
misconduct,misconducts
miscontinuance,miscontinuances
misdevotion,misdevotions
misdistribution,misdistributions
mise en abyme,mise en abymes
misexplanation,misexplanations
mismanagement,mismanagements
misogyny,misogynies
miso,misos
mispolicy,mispolicies
misreligion,misreligions
mistradition,mistraditions
mistressship,mistressships
mixology,mixologies
mizuna,mizunas
mnemonization,mnemonizations
Mòcheno,Mòchenos
mock strawberry,mock strawberries
modesty,modesties
molasses grass,molasses grasses
money,moneys,monies
moneyness,moneynesses
money of account,moneys of account,monies of account
monitoring,monitorings
monoacylation,monoacylations
monohalogenation,monohalogenations
mononucleosis,mononucleoses
monosyllabism,monosyllabisms
moodiness,moodinesses
moo goo gai pan,moo goo gai pans
moose knuckle,moose knuckles
moosewood,moosewoods
moral hazard,moral hazards
moralism,moralisms
moral relativism,moral relativisms
moribundity,moribundities
morning sleep,morning sleeps
morphogeny,morphogenies
most,mosts
motherland,motherlands
motocross,motocrosses
mountain ash,mountain ashes
mountain fir clubmoss,mountain fir clubmosss
mouthcoating,mouthcoatings
mouth-to-mouth resuscitation,mouth-to-mouth resuscitations
mucilage,mucilages
mullagatawny,mullagatawnies
multicultivation,multicultivations
multidimensionality,multidimensionalities
multifragmentation,multifragmentations
multilinearity,multilinearities
multilingualism,multilingualisms
multimorbidity,multimorbidities
multiparasitism,multiparasitisms
multipartyism,multipartyisms
multipotential,multipotentials
munjeet,munjeets
musick,musicks
music,musics
musicology,musicologies
musique,musiques
mustard,mustards
mycetism,mycetisms
mycoremediation,mycoremediations
mydatoxin,mydatoxins
mydst,mydsts
myoclonus,myocloni
myotherapy,myotherapies
myotrophin,myotrophins
myrrh,myrrhs
mystique,mystiques
myxœdema,myxœdemata
myxothiazol,myxothiazols
nail polish,nail polishes
naphthalene,naphthalenes
narcissism,narcissisms
natroalunite,natroalunites
nausea,nauseæ
nauseation,nauseations
navigation,navigations
neckweed,neckweeds
negativization,negativizations
neglectfulness,neglectfulnesses
negligence,negligences
negotiosity,negotiosities
nenadkevichite,nenadkevichites
neocarzinostatin,neocarzinostatins
neoglaciation,neoglaciations
neoimperialism,neoimperialisms
neologization,neologizations
neo-Nazism,neo-Nazisms
neorealism,neorealisms
neptunite,neptunites
netherwear,netherwears
netiquette,netiquettes
net operating income,net operating incomes
neurochemistry,neurochemistries
neurocysticercosis,neurocysticercoses
neuroscience,neurosciences
neutrality,neutralities
news crawl,news crawls
newscrawl,newscrawls
news media,news medias
newspeak,newspeaks
Newspeak,Newspeaks
New York ironweed,New York ironweeds
nextness,nextnesses
nibral,nibrals
nicotine,nicotines
niggardliness,niggardlinesses
nightwear,nightwears
nincompoopery,nincompooperies
niningerite,niningerites
nonaggression,nonaggressions
nonattachment,nonattachments
noncandidacy,noncandidacies
nonchalance,nonchalances
noncomedy,noncomedies
nonconclusion,nonconclusions
nonconformism,nonconformisms
nonconvexity,nonconvexities
nondeparture,nondepartures
nondetergent,nondetergents
nondevelopment,nondevelopments
nonenforcement,nonenforcements
nonequilibrium,nonequilibriums,nonequilibria
nonfailure,nonfailures
nonforfeiture,nonforfeitures
nonhabitat,nonhabitats
nonhistory,nonhistories
nonillness,nonillnesses
noninclusion,noninclusions
noninfringement,noninfringements
noninvestment,noninvestments
noninvolvement,noninvolvements
nonkeratin,nonkeratins
nonkilling,nonkillings
nonlinearity,nonlinearities
nonmarriage,nonmarriages
nonmembership,nonmemberships
nonparadox,nonparadoxes
nonpossibility,nonpossibilities
nonpregnancy,nonpregnancies
nonrefusal,nonrefusals
nonregularity,nonregularities
nonresidency,nonresidencies
nonsense,nonsenses
nonshipment,nonshipments
nonsoap,nonsoaps
nonuniqueness,nonuniquenesses
nonverdict,nonverdicts
northness,northnesses
notchweed,notchweeds
note,notes
notetaking,notetakings
nothingness,nothingnesses
now,nows
noxiousness,noxiousnesses
nubility,nubilities
nuclear fusion,nuclear fusions
nucleotidylexotransferase,nucleotidylexotransferases
nudity,nudities
oatmeal,oatmeals
obrution,obrutions
obsidian,obsidians
oceanwater,oceanwaters
octonaphthene,octonaphthenes
odynophagia,odynophagias
off-corn,off-corns
off-gassing,off-gassings
offside trap,offside traps
oil-canning,oil-cannings
oilseed,oilseeds
olation,olations
oldness,oldnesses
oleo,oleos
oligoclase,oligoclases
olympiadane,olympiadanes
ominosity,ominosities
omphacite,omphacites
onanism,onanisms
onde,ondes
only game in town,only games in town
onomancy,onomancies
ontologism,ontologisms
onychorrhexis,onychorrhexes
open water,open waters
operability,operabilities
opiniatrety,opiniatreties
optical astronomy,optical astronomies
optimism,optimisms
orange peel,orange peels
oratio recta,orationes rectae
orcein,orceins
orchotomy,orchotomies
ordinarity,ordinarities
oregano,oreganos
orewood,orewoods
organizability,organizabilities
organza,organzas
oriental food,oriental foods
orthopnoea,orthopnoeas,orthopnoeae
osteitis,osteitides
ostentation,ostentations
osteography,osteographies
osteomyelitis,osteomyelitides
Oswego tea,Oswego teas
othering,otherings
otology,otologies
outback,outbacks
outdoor education,outdoor educations
outwardness,outwardnesses
ovenware,ovenwares
overaction,overactions
overaggression,overaggressions
overanxiety,overanxieties
overcategorization,overcategorizations
overcomplexity,overcomplexities
overdrive,overdrives
overembellishment,overembellishments
overlashing,overlashings
overparameterization,overparameterizations
overprescription,overprescriptions
overpull,overpulls
overutilization,overutilizations
Oxford blue,Oxford blues
oxidability,oxidabilities
oxidanium,oxidaniums
padauk,padauks
paganry,paganries
paintership,painterships
palilalia,palilalias
palindromicity,palindromicities
palipraxia,palipraxias
pallidity,pallidities
palmistry,palmistries
palsywort,palsyworts
pampsychism,pampsychisms
panarthritis,panarthritides
pancetta,pancettas
pancrelipase,pancrelipases
pandarism,pandarisms
paneulogism,paneulogisms
panpsychism,panpsychisms
pantaloonery,pantalooneries
pantetheine,pantetheines
panurgy,panurgies
papality,papalities
paparchy,paparchies
papermaking,papermakings
paper tape,paper tapes
paperware,paperwares
paprikash,paprikashes
papyrus,papyri,papyruses
paracoccidioidomycosis,paracoccidioidomycoses
paradoxicality,paradoxicalities
paradoxology,paradoxologies
paraenesis,paraeneses
parænesis,paræneses
parasitism,parasitisms
parasitophobia,parasitophobias
paratextuality,paratextualities
parenesis,pareneses
paresthesis,parestheses
parmesan,parmesans
parole,paroles
paromology,paromologies
parquetry,parquetries
parrotry,parrotries
parsley,parsleys
part and parcel,parts and parcels
parthenogenesis,parthenogeneses
partially defatted pork fatty tissue,fatty,tissue
partnerdom,partnerdoms
partyism,partyisms
partyware,partywares
passagework,passageworks
passata,passatas
patavinity,patavinities
path dependence,path dependences
patheticism,patheticisms
pathognomy,pathognomies
pathopœia,pathopœiæ
patriarchdom,patriarchdoms
patriarchism,patriarchisms
patricianism,patricianisms
pavement,pavements
pavidity,pavidities
payback,paybacks
peacekeeping,peacekeepings
peace,peaces
peacetime,peacetimes
peacockery,peacockeries
peagrit,peagrits
peanism,peanisms
pearlgrass,pearlgrasses
pearl millet,pearl millets
pearwood,pearwoods
pebbledash,pebbledashes
pedagogism,pedagogisms
peddlery,peddleries
pedilavium,pedilaviums
pedipulation,pedipulations
pedophilia,pedophilias
pellucidity,pellucidities
pemmican,pemmicans
penmanship,penmanships
pentamethylbenzene,pentamethylbenzenes
penurity,penurities
pepper dulse,pepper dulses
pepperidge,pepperidges
perennity,perennities
perfectivization,perfectivizations
perfidiousness,perfidiousnesses
perichondritis,perichondritides
periclasite,periclasites
perinephritis,perinephritides
peripancreatitis,peripancreatitides
peripateticism,peripateticisms
periselectivity,periselectivities
perishment,perishments
perkiness,perkinesses
permeability,permeabilities
permeance,permeances
pernancy,pernancies
Persian darnel,Persian darnels
personal capital,personal capitals
personal hygiene,personal hygienes
perspiration,perspirations
pertinacity,pertinacities
perusing,perusings
pessimism,pessimisms
pesto,pestos
pewterware,pewterwares
pezzottaite,pezzottaites
phagostimulation,phagostimulations
phallocentrism,phallocentrisms
phallogocentrism,phallogocentrisms
pharmacomania,pharmacomanias
philosophization,philosophizations
phlegm,phlegms
phlorol,phlorols
phocomelia,phocomelias
phonocentrism,phonocentrisms
phonophobia,phonophobias
phonotypy,phonotypies
phosphoenolpyruvate,phosphoenolpyruvates
photoalignment,photoalignments
photodehydrogenation,photodehydrogenations
photodermatitis,photodermatitides
photography,photographies
phraseology,phraseologies
phycourobilin,phycourobilins
phylanthropy,phylanthropies
phyllosilicate,phyllosilicates
physiolatry,physiolatries
piacularity,piacularities
pica,picas
pici,pici
pickle plant,pickle plants
picnicware,picnicwares
piece of the action,pieces of the action
piemontite,piemontites
pigmeat,pigmeats
pilewort,pileworts
pill in the pocket,pills in the pocket
pine tar,pine tars
pinkroot,pinkroots
pipework,pipeworks
piscation,piscations
pitchstone,pitchstones
pizza-face,pizza-faces
Pizza Face,Pizza Faces
plagioclase,plagioclases
plainness,plainnesses
plankton,planktons
plate glass,plate glasses
plateletpheresis,plateletphereses
plate,plates
playability,playabilities
pleasantness,pleasantnesses
plebeiance,plebeiances
plebification,plebifications
pleuralgia,pleuralgias
pleuritis,pleuritides
plod,plods
ploughing,ploughings
plutomania,plutomanias
plygain,plygains
plywood,plywoods
pneumocystosis,pneumocystoses
pneumonia,pneumonias,pneumoniæ
podagra,podagras
podzolisation,podzolisations
podzolization,podzolizations
poetry,poetries
poetship,poetships
pogey,pogeys
poignancy,poignancies
pointlessness,pointlessnesses
point of interest,points of interest
poison hemlock,poison hemlocks
poison oak,poison oaks
polishability,polishabilities
politeness,politenesses
pollakiuria,pollakiurias
pollen,pollens
polo,polos
polyamory,polyamories
polyasparagine,polyasparagines
polychemotherapy,polychemotherapies
polycrase,polycrases
polydymite,polydymites
polygonality,polygonalities
polylogy,polylogies
polymerism,polymerisms
polymetamorphism,polymetamorphisms
polymorphy,polymorphies
polyphonism,polyphonisms
polyradiculitis,polyradiculitides
polysurgery,polysurgeries
ponding,pondings
pondwater,pondwaters
pooja,poojas
poolwater,poolwaters
poori,pooris
popularity,popularities
porchetta,porchettas
pornography,pornographies
porphyrization,porphyrizations
porridge,porridges
posho,poshos
positive law,positive laws
positive side waterproofing,positive side waterproofings
postencephalitis,postencephalitides
postexistence,postexistences
postfeminism,postfeminisms
postmodernism,postmodernisms
potichomanie,potichomanies
pottery,potteries
poverty,poverties
praeterition,praeteritions
præterition,præteritions
prattlement,prattlements
preadministration,preadministrations
preamplification,preamplifications
preassurance,preassurances
prebendalism,prebendalisms
prededication,prededications
predisponency,predisponencies
preeclampsia,preeclampsias
prefidence,prefidences
prefloration,preflorations
prefoliation,prefoliations
preinstallation,preinstallations
prelatry,prelatries
prenyl,prenyls
preoccupancy,preoccupancies
preordination,preordinations
pre-preg,pre-pregs
prepreg,prepregs
pretendership,pretenderships
pretending,pretendings
pretranslation,pretranslations
pretty pass,pretty passes
prevalidation,prevalidations
price gouging,price gougings
prickwood,prickwoods
priestcraft,priestcrafts
priestery,priesteries
priestism,priestisms
primateship,primateships
primitivization,primitivizations
printability,printabilities
prittle-prattle,prittle-prattles
private stock,private stocks
probationship,probationships
problematicality,problematicalities
procacity,procacities
process butter,process butters
procolipase,procolipases
procrastination,procrastinations
proctitis,proctitides
productivism,productivisms
productization,productizations
professionalism,professionalisms
professoriat,professoriats
progeneration,progenerations
progenitorship,progenitorships
progressivism,progressivisms
proletarianism,proletarianisms
prolocutorship,prolocutorships
propagandism,propagandisms
propanedioate,propanedioates
prosecretin,prosecretins
prose,proses
proso millet,proso millets
prosopolepsy,prosopolepsies
prosopopœia,prosopopœiæ
prostane,prostanes
prostatorrhœa,prostatorrhœas
protodeboronation,protodeboronations
protofeminism,protofeminisms
protohaemin,protohaemins
protopine,protopines
proustite,proustites
provender,provenders
provisorship,provisorships
provolone,provolones
prudishness,prudishnesses
psalmistry,psalmistries
psephocracy,psephocracies
pseudæsthesia,pseudæsthesiæ
pseudoaddiction,pseudoaddictions
pseudocyesis,pseudocyeses
pseudoleukæmia,pseudoleukæmias
psilomelane,psilomelanes
psittacism,psittacisms
psychiatry,psychiatries
psychography,psychographies
psychosexuality,psychosexualities
psyllium,psylliums
psywar,psywars
pterylography,pterylographies
ptilosis,ptiloses
ptyalism,ptyalisms
public record,public records
pullulation,pullulations
pulmonary toilet,pulmonary toilets
pulp,pulps
punched tape,punched tapes
purple-fish,purple-fishes
purslane,purslanes
putting,puttings
putting,puttings
puttyroot,puttyroots
pyorrhœa,pyorrhœas
pyranine,pyranines
pyridinylpiperazine,pyridinylpiperazines
pyroborate,pyroborates
pyrogallate,pyrogallates
pyrography,pyrographies
pyromania,pyromanias
pyromorphite,pyromorphites
pyroxferroite,pyroxferroites
pyrrhotite,pyrrhotites
pysma,pysmas,pysmata
qigong,qigongs
quadfurcation,quadfurcations
quaestorship,quaestorships
quantitative easing,quantitative easings
quartation,quartations
quassation,quassations
queasiness,queasinesses
questorship,questorships
quietude,quietudes
quietus,quietuses
quinicine,quinicines
quippery,quipperies
quirkiness,quirkinesses
quittal,quittals
quizzicality,quizzicalities
quoining,quoinings
racemation,racemations
racial profiling,racial profilings
racketeering,racketeerings
radication,radications
radioactive dating,radioactive datings
radio drama,radio dramas
radioflash,radioflashes
radioluminescence,radioluminescences
raggedness,raggednesses
ragstone,ragstones
rain,rains
rainwater,rainwaters
ranch dressing,ranch dressings
ransom,ransoms
rapaseed,rapaseeds
rapeseed,rapeseeds
ratability,ratabilities
rata,ratas
rationality,rationalities
reacquaintance,reacquaintances
readoption,readoptions
ready money,ready moneys,ready monies
realgar,realgars
reality,realities
real property,real properties
reasonability,reasonabilities
reasonableness,reasonablenesses
reattainment,reattainments
rebirthing,rebirthings
recognition,recognitions
recoilment,recoilments
recollection,recollections
recolorization,recolorizations
reconvergence,reconvergences
recurvity,recurvities
red cabbage,red cabbages
redistillation,redistillations
redweed,redweeds
reenaction,reenactions
reflexology,reflexologies
refringency,refringencies
refulgency,refulgencies
refurnishment,refurnishments
regermination,regerminations
rego,regos
regrowth,regrowths
rehydration,rehydrations
reimmersion,reimmersions
reimmigration,reimmigrations
reinauguration,reinaugurations
reinforcement,reinforcements
relatability,relatabilities
relationality,relationalities
relevance,relevances
reliability,reliabilities
relievement,relievements
relitigation,relitigations
relubrication,relubrications
remastication,remastications
rematerialisation,rematerialisations
rematerialization,rematerializations
remonetization,remonetizations
remyelination,remyelinations
renationalization,renationalizations
rendang,rendangs
renitence,renitences
renitency,renitencies
renovated butter,renovated butters
rentback,rentbacks
rent money,rent moneys,rent monies
reoxygenation,reoxygenations
repealment,repealments
repellency,repellencies
reseizure,reseizures
resipiscence,resipiscences
respectability,respectabilities
responsibilization,responsibilizations
restagnation,restagnations
resterilization,resterilizations
resyllabification,resyllabifications
retaliation,retaliations
retinalite,retinalites
retiracy,retiracies
retraumatization,retraumatizations
retrocausality,retrocausalities
retrocognition,retrocognitions
revenge,revenges
revivement,revivements
revokement,revokements
revulsion,revulsions
rhigolene,rhigolenes
rhusma,rhusmas
rhyme,rhymes
rhymery,rhymeries
rhytidome,rhytidomes
rice paper,rice papers
rice pudding,rice puddings
richness,richnesses
rigatoni,rigatonis
rightness,rightnesses
rigorization,rigorizations
rigorousness,rigorousnesses
rigourism,rigourisms
rijstafel,rijstafels
rimosity,rimosities
robusta,robustas
rocketry,rocketries
rock shandy,rock shandies
rogan josh,rogan joshes
roguishness,roguishnesses
Roman alphabet,Roman alphabets
rosemary,rosemaries
roseroot,roseroots
rosewater,rosewaters
rosewort,roseworts
rosin paper,rosin papers
rotacism,rotacisms
rotationality,rotationalities
roti,rotis
round-headed bush clover,round-headed bush clovers
roundness,roundnesses
rowdiness,rowdinesses
rubber,rubbers
rubbidge,rubbidges
rudery,ruderies
rufflement,rufflements
rugging,ruggings
running serviceberry,running serviceberries
ruralization,ruralizations
rutabaga,rutabagas
rutilance,rutilances
sadhana,sadhanas
sadomasochism,sadomasochisms
safebreaking,safebreakings
sagacity,sagacities
sagination,saginations
sailcloth,sailcloths
salacity,salacities
saloop,saloops
salsify,salsifies
saltcat,saltcats
salt hay,salt hays
salt marsh hay,salt marsh hays
salt pork,salt porks
salvage therapy,salvage therapies
samvydav,samvydavs
sancoche,sancoches
sandpaper,sandpapers
sand,sands
sanguification,sanguifications
San Joaquin Valley fever,San Joaquin Valley
sapience,sapiences
sarcolite,sarcolites
sarculation,sarculations
sardonicism,sardonicisms
sarking,sarkings
sashimi,sashimis
saturation,saturations
savageness,savagenesses
saviorship,saviorships
saviourship,saviourships
Savoy,Savoys
saxafras,saxafrases
scaffolding,scaffoldings
schillerization,schillerizations
schnapps,schnappses
schoolery,schooleries
schwertmannite,schwertmannites
scleromalacia,scleromalacias
scoffery,scofferies
scotomization,scotomizations
scrappage,scrappages
scratchweed,scratchweeds
sculpture,sculptures
scurvy,scurvies
seafood,seafoods
sea lavender,sea lavenders
seasickness,seasicknesses
seaspray,seasprays
seawater,seawaters
seaweed,seaweeds
secondary victimisation,secondary victimisations
secondary victimization,secondary victimizations
secretoglobin,secretoglobins
sectoring,sectorings
seed money,seed moneys,seed monies
seership,seerships
self-actualization,self-actualizations
self-deception,self-deceptions
self-destruction,self-destructions
selfdom,selfdoms
selfhood,selfhoods
selfism,selfisms
selfness,selfnesses
self-reference,self-references
self-selection,self-selections
sell-through,sell-throughs
seltzer,seltzers
semiography,semiographies
semitransparency,semitransparencies
semolina,semolinas
senescence,senescences
sensationalization,sensationalizations
sensualization,sensualizations
sententiosity,sententiosities
sentimental value,sentimental values
sepawn,sepawns
serfdom,serfdoms
serum sickness,serum sicknesses
serviceability,serviceabilities
setterwort,setterworts
severality,severalities
Sexagesima Sunday,Sexagesima Sundays
sextonship,sextonships
sexual abuse,sexual abuses
sfumato,sfumatos
shahada,shahadas,shahadat
Shakerism,Shakerisms
shamefacedness,shamefacednesses
shaurma,shaurmas
shawarma,shawarmas
shawirma,shawirmas
sheepmeat,sheepmeats
shepherdship,shepherdships
shergottite,shergottites
sherry,sherries
shininess,shininesses
shit,shits
shoarma,shoarmas
shock therapy,shock therapies
shoddyism,shoddyisms
shooting,shootings
shore thistle,shore thistles
shorl,shorls
short wave,short waves
shot put,shot puts
showiness,showinesses
shyness,shynesses
sibilancy,sibilancies
Sichuan pepper,Sichuan peppers
sickness,sicknesses
sideropenia,sideropenias
signage,signages
significativity,significativities
signified,signifieds
silence,silences
silentness,silentnesss
silent service,silent services
silent treatment,silent treatments
Silesian,Silesians
silkware,silkwares
silkwear,silkwears
silkweed,silkweeds
siltation,siltations
silver frost,silver frosts
silver sulfide,silver sulfides
silver thaw,silver thaws
simple English,simple Englishes
simple present,simple presents
sinecurism,sinecurisms
singing,singings
single file,single files
sinkwater,sinkwaters
skating,skatings
skeletonisation,skeletonisations
skeletonization,skeletonizations
slackness,slacknesses
slaughterdom,slaughterdoms
slaughtre,slaughtres
slavery,slaveries
slavophobia,slavophobias
sleep-at-noon,sleep-at-noons
slivovitz,slivovitzes
slopwork,slopworks
slud,sluds
smallpox,smallpoxes
smaltite,smaltites
smartweed,smartweeds
snake fruit,snake fruits
snakeweed,snakeweeds
snakewood,snakewoods
snow cream,snow creams
snowmelt,snowmelts
snowtime,snowtimes
soapwood,soapwoods
socialism,socialisms
soda bread,soda breads
sodium chloride,sodium chlorides
sodium hydrogen carbonate,sodium hydrogen carbonates
sodium,sodiums
solenopsin,solenopsins
solicitude,solicitudes
solubilizability,solubilizabilities
somniloquism,somniloquisms
somnolescence,somnolescences
soppressata,soppressata
sorcering,sorcerings
sororate,sororates
soured cream,soured creams
sour grass,sour grasses
sourgrass,sourgrasses
southern yellow pine,southern yellow pines
spag bol,spag bols
spandex,spandexes
Spanish fly,Spanish flies
spargefaction,spargefactions
spartina,spartinas
speechcraft,speechcrafts
spelter,spelters
spherification,spherifications
spherocytosis,spherocytoses
spiall,spiall
spike lavender,spike lavenders
spim,spims
spindom,spindoms
spinosad,spinosads
spite,spites
splanchnotomy,splanchnotomies
splendor,splendors
splenization,splenizations
splice tape,splice tapes
spondylitis,spondylitides
spongeware,spongewares
spooge,spooges
spoor,spoors
sporification,sporifications
sportability,sportabilities
spousal support,spousal supports
spruce,spruces
spunk,spunks
spurge,spurges
square footage,square footages
squattocracy,squattocracies
squawweed,squawweeds
squiralty,squiralties
squirehood,squirehoods
stabilizability,stabilizabilities
stackage,stackages
stagecraft,stagecrafts
stakeholdership,stakeholderships
stammel,stammels
Standard Habbie,Standard Habbies
starchitecture,starchitectures
starcraft,starcrafts
stardust,stardusts
stargazy pie,stargazy pies
statistical power,statistical powers
stave-rhyme,stave-rhymes
stavesacre,stavesacres
stavewood,stavewoods
steamboating,steamboatings
stearin,stearins
stearone,stearones
steelware,steelwares
steeplebush,steeplebushes
stemware,stemwares
step flashing,step flashings
stew,stews
sticker shock,sticker shocks
stir fry,stir fries,stir frys
stir-fry,stir-fries,stir-frys
stomach flu,stomach flus
stonecast,stonecasts
stonecraft,stonecrafts
stoppage time,stoppage times
storage,storages
stouthrief,stouthriefs
strabismus,strabismuses
straightface,straightfaces
straitness,straitnesses
strangeness,strangenesses
strapwork,strapworks
streaming,streamings
streamwater,streamwaters
striated muscle,striated muscles
strigolactone,strigolactones
strontianite,strontianites
strychnine,strychnines
stubble,stubbles
stud poker,stud pokers
stuff,stuffs
stultiloquy,stultiloquies
subgum,subgums
sublimification,sublimifications
sublinearity,sublinearities
sublineation,sublineations
submonition,submonitions
substantialism,substantialisms
succory,succories
succotash,succotashes
suffraganship,suffraganships
suffrage,suffrages
suicide,suicides
suillage,suillages
suitorship,suitorships
sulfur,sulfurs
sullage,sullages
sumac,sumacs
sumbal,sumbals
sumbul,sumbuls
summersweet,summersweets
superabundance,superabundances
superannuation,superannuations
supercolumniation,supercolumniations
supercomputation,supercomputations
superencryption,superencryptions
superfecundity,superfecundity
superfluidity,superfluidities
superflu,superflus
superhumanity,superhumanities
superimpregnation,superimpregnations
superlinearity,superlinearities
superlucration,superlucrations
supernormality,supernormalities
superparasitism,superparasitisms
superplusage,superplusages
superresolution,superresolutions
supersedence,supersedences
superspecialization,superspecializations
superstitiousness,superstitiousnesses
super,supers
supersymmetry,supersymmetries
supervenience,superveniences
suppeditation,suppeditations
supremacy,supremacies
surrogateship,surrogateships
surveyance,surveyances
survivorship,survivorships
sushi,sushis
sussexite,sussexites
sussreserve,sussreserves
swansdown,swansdowns
sweat,sweats
sweet cider,sweet ciders
sweet cream,sweet creams
sweet pepperbush,sweet pepperbushes
sweetshrub,sweetshrubs
sweet william,sweet williams
syllabification,syllabifications
syllogismus,syllogismi
symbolicism,symbolicisms
synastry,synastries
synathroesmus,synathroesmi
synchroneity,synchroneities
syncopation,syncopations
synecphonesis,synecphoneses
syntony,syntonies
syphilization,syphilizations
systematic risk,systematic risks
tabasco,tabascos
tabula rasa,tabulae rasae,tabulæ rasæ
take out,take outs
taleggio,taleggios
tallowwood,tallowwoods
tara gum,tara gums
taramasalata,taramasalatas
targetability,targetabilities
taro,taros
tarragon,tarragons
taurodontism,taurodontisms
teak,teaks
tearing,tearings
technofear,technofears
tediousness,tediousnesses
tedium,tediums
TED,TEDs
telepathy,telepathies
teleplasm,teleplasms
telepresence,telepresences
telesthesia,telesthesias
teletex,teletexes
telishment,telishments
telokin,telokins
temperamentality,temperamentalities
tempestuousness,tempestuousnesses
tenderheartedness,tenderheartednesses
tendovaginitis,tendovaginitides
tennis,tennises
tenorite,tenorites
tent wine,tent wines
termagancy,termagancies
terminal leave,terminal leaves
terracotta,terracottas
terrorism,terrorisms
tetanus,tetani
tetartohedrism,tetartohedrisms
tetherball,tetherballs
tetraethyl lead,tetraethyl leads
tetraiodothyronine,tetraiodothyronines
tetramethylguanidine,tetramethylguanidines
tetrylene,tetrylenes
Texas toast,Texas toasts
texturization,texturizations
thallane,thallanes
thanatosis,thanatoses
thapsigargin,thapsigargins
thatness,thatnesses
theologization,theologizations
theology,theologies
theopathy,theopathies
theoreticality,theoreticalities
theosophy,theosophies
thermoconversion,thermoconversions
thermogenin,thermogenins
thermoplastic,thermoplastics
thermospray,thermosprays
thieving,thievings
thinking,thinkings
think,thinks
thinolite,thinolites
thionoline,thionolines
thisness,thisnesses
thistledown,thistledowns
thornveld,thornvelds
thortveitite,thortveitites
threetip sagebrush,threetip sagebrushes
thrombopoiesis,thrombopoieses
thrust load,thrust loads
thyrotoxicity,thyrotoxicities
ticker tape,ticker tapes
time complexity,time complexities
timorousness,timorousnesses
timothy,timothies
timpani,timpanis
tinwork,tinworks
tiradito,tiraditos
toddlerhood,toddlerhoods
tomato concentrate,tomato concentrates
tomcod,tomcods,tomcod
tom yam,tom yams
to-night,to-nights
tonsillitis,tonsillitides
toom,tooms
topaz,topazes
top loin,top loins
topstitch,topstitches
tormentry,tormentries
tormina,torminae
torosity,torosities
tortoiseshell,tortoiseshells
total internal reflexion,total internal reflexions
totemism,totemisms
tourism,tourisms
toweling,towelings
towelling,towellings
toxicity,toxicities
toxiphobia,toxiphobias
trabeculectomy,trabeculectomies
tranquility,tranquilities
tranquillity,tranquillities
transcendentality,transcendentalities
transgender,transgenders
transitionality,transitionalities
transvestism,transvestisms
transvestitism,transvestitisms
treechange,treechanges
treenware,treenwares
trehala,trehalas
trekking,trekkings
trendiness,trendinesses
trepidity,trepidities
trepopnœa,trepopnœas
tretinoin,tretinoins
trewth,trewths
tribespeople,tribespeoples
tributary load,tributary loads
trichomoniasis,trichomoniases
trichothiodystrophy,trichothiodystrophies
trickiness,trickinesses
triethylenediamine,triethylenediamines
trilobation,trilobations
tripe,tripes
triphyline,triphylines
triploidy,triplodies
trispyrazolylborate,trispyrazolylborates
troctolite,troctolites
trompe l'oeil,trompe l'oeil,trompe l'oeils
trophobiosis,trophobioses
truth,truths
tsarism,tsarisms
tubocurarine,tubocurarines
tugtupite,tugtupites
tungstite,tungstites
Turkish delight,Turkish delights
turmoil,turmoils
turntablism,turntablisms
tussac grass,tussac grasses
tympanometry,tympanometries
Tyndallization,Tyndallizations
Tyndall stone,Tyndall stones
typography,typographies
tyre-pressure,tyre-pressures
tzatziki,tzatzikis
Ukrainianisation,Ukrainianisations
Ukrainianization,Ukrainianizations
Ukrainization,Ukrainizations
unattachment,unattachments
unbelief,unbeliefs
uncivility,uncivilities
unconstancy,unconstancies
undead,undeads
undeletion,undeletions
underbrush,underbrushes
underdrag,underdrags
underflooring,underfloorings
underfur,underfurs
undergrowth,undergrowths
underneath,underneaths
underperformance,underperformances
underpromotion,underpromotions
undersheriffry,undersheriffries
underuse,underuses
underwear,underwears
unfairness,unfairnesses
unfulfillment,unfulfillments
ungainliness,ungainlinesses
unhealth,unhealths
unicorn root,unicorn roots
unison,unisons
universal algebra,universal algebras
unjustness,unjustnesses
unplayability,unplayabilities
unpleasantness,unpleasantnesses
unquietude,unquietudes
unregeneracy,unregeneracies
unrespect,unrespects
unrest,unrests
unright,unrights
unripeness,unripenesses
unsatisfaction,unsatisfactions
unsufficience,unsufficiences
unsystematic risk,unsystematic risks
unworkability,unworkabilities
upas,upases
upper leaf zone,upper leaf zones
upright yellow-sorrel,upright yellow-sorrels
uprootal,uprootals
up,ups
uranology,uranologies
uranophane,uranophanes
ureteritis,ureteritides
urethritis,urethritides
urine,urines
urocystitis,urocystitides
usucapion,usucapions
uveitis,uveitides
vaesite,vaesites
valor,valors
valourousness,valourousnesses
vampirism,vampirisms
vanadyl,vanadyls
vaporescence,vaporescences
vapourescence,vapourescences
vapulation,vapulations
variation,variations
varicella,varicellas,varicellae
variola,variolas
vasography,vasographies
veganism,veganisms
vegetarianism,vegetarianisms
vehemence,vehemences
velvetgrass,velvetgrasses
velvetleaf,velvetleafs
venditation,venditations
venlafaxine,venlafaxines
ventosity,ventosities
verdancy,verdancies
verditure,verditures
verificationism,verificationisms
verjuice,verjuices
vermination,verminations
vernalization,vernalizations
versatility,versatilities
vesicularity,vesicularities
vesuvine,vesuvines
v-fib,v-fibs
vibrancy,vibrancies
victimhood,victimhoods
videotex,videotexes
Vidonia,Vidonias
viewdata,viewdatas
vigilance,vigilances
vigilancy,vigilancies
villagery,villageries
vindemiation,vindemiations
vinosity,vinosities
violaniline,violanilines
Virginia creeper,Virginia creepers
viridescence,viridescences
viridite,viridites
virtuosoship,virtuosoships
vishnevite,vishnevites
vitex,vitexes
vocab,vocabs
voice voting,voice votings
volcanization,volcanizations
Voltairism,Voltairisms
voracity,voracities
voyeurism,voyeurisms
v-tach,v-tachs
vulvitis,vulvitides
wadsleyite,wadsleyites
wailment,wailments
wainscoting,wainscotings
wainscotting,wainscottings
waitstaff,waitstaffs
walnut,walnuts
wanchance,wanchances
wantonness,wantonnesses
want-to,want-tos
wardom,wardoms
wardship,wardships
ware,wares
warfare,warfares
wartweed,wartweeds
wasabi,wasabis
wash-leather,wash-leathers
waterboarding,waterboardings
water cycle,water cycles
waterpower,waterpowers
wealthy,wealthies
webmail,webmails
webwork,webworks
Wesleyanism,Wesleyanisms
whakapapa,whakapapas
whaleboning,whalebonings
whalesong,whalesongs
wheatgerm,wheatgerms
wheatgrass,wheatgrasses
wheelspin,wheelspins
wheelwork,wheelworks
whereness,wherenesses
whewellite,whewellites
whimsy,whimsies
whinstone,whinstones
white cabbage,white cabbages
white coffee,white coffees
whitlockite,whitlockites
whoredom,whoredoms
wifehood,wifehoods
wikification,wikifications
wild bergamot,wild bergamots
wildcraft,wildcrafts
wild ginger,wild gingers
wild rice,wild rices
willingness,willingnesses
windage,windages
windblast,windblasts
winddown,winddowns
window dressing,window dressings
wing sauce,wing sauces
winsorisation,winsorisations
Winsorisation,Winsorisations
winsorization,winsorizations
Winsorization,Winsorizations
winterisation,winterisations
winterization,winterizations
wintersweet,wintersweets
winterweed,winterweeds
wirework,wireworks
wisdome,wisdomes
wisedome,wisedomes
wishful thinking,wishful thinkings
witchcraft,witchcrafts
witch grass,witch grasses
withholding,withholdings
woad,woads
wont,wonts
wood ear,wood ears
woodenware,woodenwares
wood flour,wood flours
woodflour,woodflours
wood oil,wood oils
wood-sorrel,wood-sorrels
woodware,woodwares
woodwork,woodworks
woolfat,woolfats
wool,wools
wordcraft,wordcrafts
workfolk,workfolks
wormgrass,wormgrasses
worship,worships
wrath,wraths
wretchedness,wretchednesses
wrongdoing,wrongdoings
wrongdom,wrongdoms
wryness,wrynesses
xanthophyllite,xanthophyllites
xenon,xenons
xeriscaping,xeriscapings
yahooism,yahooisms
yak lace,yak laces
yarrow,yarrows
yeast extract,yeast extracts
yellowness,yellownesses
yellow snow,yellow snows
yellow wood sorrel,yellow wood sorrels
yellow woodsorrel,yellow woodsorrels
yerba,yerbas
yiff,yiffs
youthhood,youthhoods
yttrotantalite,yttrotantalites
yttrotitanite,yttrotitanites
yuck factor,yuck factors
zealotism,zealotisms
zeitnot,zeitnots
zidovudine,zidovudines
zietrisikite,zietrisikites
zincblende,zincblendes
zincite,zincites
zingerone,zingerones
zinkenite,zinkenites
zirconation,zirconations
zirkelite,zirkelites
zodiack,zodiacks
zoogeography,zoogeographies
zoögeography,zoögeographies
zoogony,zoogonies
zoography,zoographies
zoögraphy,zoögraphies
zoopsia,zoopsias
zussmanite,zussmanites
